ID,Website,Page URL,Category,Source,Severity,Title,Description,Suggested Fix,Confidence
19,https://ergonix.lt,https://ergonix.lt/,Network,rule,high,Broken internal link,"Link ""Ergonomics explainedSoon"" → https://ergonix.lt/blogs/ergonomics is broken (HTTP 404); referenced from https://ergonix.lt/.","Fix the target URL, restore the destination page, or remove the link.",1.00
20,https://ergonix.lt,https://ergonix.lt/,Network,rule,high,Broken internal link,"Link ""Office setupSoon"" → https://ergonix.lt/blogs/office-setup is broken (HTTP 404); referenced from https://ergonix.lt/.","Fix the target URL, restore the destination page, or remove the link.",1.00
21,https://ergonix.lt,https://ergonix.lt/,Network,rule,high,Broken internal link,"Link ""Work smarter Coming soon •Tips to boost productivity & well-being."" → https://ergonix.lt/blogs/productivity is broken (HTTP 404); referenced from https://ergonix.lt/.","Fix the target URL, restore the destination page, or remove the link.",1.00
22,https://ergonix.lt,https://ergonix.lt/,Network,rule,high,Broken internal link,"Link ""Health tipsSoon"" → https://ergonix.lt/blogs/wellness is broken (HTTP 404); referenced from https://ergonix.lt/.","Fix the target URL, restore the destination page, or remove the link.",1.00
23,https://ergonix.lt,https://ergonix.lt/,Network,rule,high,Broken internal link,"Link ""Workspace tipsSoon"" → https://ergonix.lt/blogs/workspace-tips is broken (HTTP 404); referenced from https://ergonix.lt/.","Fix the target URL, restore the destination page, or remove the link.",1.00
24,https://ergonix.lt,https://ergonix.lt/,Network,rule,high,Broken internal link,"Link ""Stalai 160×80 cm"" → https://ergonix.lt/collections/reguliuojamo-aukscio-stalai-160x80cm is broken (HTTP 429); referenced from https://ergonix.lt/, https://ergonix.lt/, https://ergonix.lt/products/ergonomine-kede-omnisit-pro?variant=52380192735565.","Fix the target URL, restore the destination page, or remove the link.",1.00
25,https://ergonix.lt,https://ergonix.lt/,Network,rule,high,Broken internal link,"Link ""Slapukai"" → https://ergonix.lt/pages/cookies is broken (HTTP 429); referenced from https://ergonix.lt/, https://ergonix.lt/, https://ergonix.lt/products/ergonomine-kede-omnisit-pro?variant=52380192735565.","Fix the target URL, restore the destination page, or remove the link.",1.00
26,https://ergonix.lt,https://ergonix.lt/,Network,rule,high,Broken internal link,"Link ""Partnerystės programa"" → https://ergonix.lt/pages/partnerystes-programa is broken (HTTP 429); referenced from https://ergonix.lt/, https://ergonix.lt/, https://ergonix.lt/products/ergonomine-kede-omnisit-pro?variant=52380192735565.","Fix the target URL, restore the destination page, or remove the link.",1.00
27,https://ergonix.lt,https://ergonix.lt/,Network,rule,high,Broken internal link,"Link ""Privatumo politika"" → https://ergonix.lt/pages/privacy is broken (HTTP 429); referenced from https://ergonix.lt/, https://ergonix.lt/, https://ergonix.lt/products/ergonomine-kede-omnisit-pro?variant=52380192735565.","Fix the target URL, restore the destination page, or remove the link.",1.00
28,https://ergonix.lt,https://ergonix.lt/,Network,rule,high,Broken internal link,"Link ""Pirkimo taisyklės"" → https://ergonix.lt/pages/purchase-terms is broken (HTTP 429); referenced from https://ergonix.lt/, https://ergonix.lt/, https://ergonix.lt/products/ergonomine-kede-omnisit-pro?variant=52380192735565.","Fix the target URL, restore the destination page, or remove the link.",1.00
29,https://ergonix.lt,https://ergonix.lt/,Network,rule,high,Broken internal link,"Link ""Sąlygos"" → https://ergonix.lt/pages/terms is broken (HTTP 429); referenced from https://ergonix.lt/, https://ergonix.lt/, https://ergonix.lt/products/ergonomine-kede-omnisit-pro?variant=52380192735565.","Fix the target URL, restore the destination page, or remove the link.",1.00
30,https://ergonix.lt,https://ergonix.lt/,Network,rule,high,Broken internal link,"Link ""Garantija"" → https://ergonix.lt/pages/warranty-policy is broken (HTTP 429); referenced from https://ergonix.lt/, https://ergonix.lt/, https://ergonix.lt/products/ergonomine-kede-omnisit-pro?variant=52380192735565.","Fix the target URL, restore the destination page, or remove the link.",1.00
31,https://ergonix.lt,https://ergonix.lt/collections/all,Network,rule,high,Broken internal link,"Link ""-45% Peržiūrėti → Premium guminiai ratukai 5 vnt. rinkinys €53,00 €29,00"" → https://ergonix.lt/products/ergonix-guminiai-ratukai is broken (HTTP 429); referenced from https://ergonix.lt/collections/all.","Fix the target URL, restore the destination page, or remove the link.",1.00
32,https://ergonix.lt,https://ergonix.lt/collections/all,Network,rule,high,Broken internal link,"Link ""-34% Peržiūrėti → OmniSit Pro Kėdė Juoda €456,00 €299,00"" → https://ergonix.lt/products/ergonomine-kede-omnisit-pro?variant=52380192702797 is broken (HTTP 429); referenced from https://ergonix.lt/collections/all.","Fix the target URL, restore the destination page, or remove the link.",1.00
33,https://ergonix.lt,https://ergonix.lt/collections/all,Network,rule,high,Broken internal link,"Link ""-48% Peržiūrėti → OmniPRO Stalas 120×60 cm Ąžuolas stalviršis - Juodos kojos €599,00 €309,00"" → https://ergonix.lt/products/reguliuojamo-aukscio-stalas-omnipro?variant=53426124194125 is broken (HTTP 429); referenced from https://ergonix.lt/collections/all.","Fix the target URL, restore the destination page, or remove the link.",1.00
34,https://ergonix.lt,https://ergonix.lt/collections/all,Network,rule,high,Broken internal link,"Link ""-38% Peržiūrėti → OmniPRO Stalas 140×70 cm Ąžuolas stalviršis - Juodos kojos €599,00 €369,00"" → https://ergonix.lt/products/reguliuojamo-aukscio-stalas-omnipro?variant=53426124226893 is broken (HTTP 429); referenced from https://ergonix.lt/collections/all.","Fix the target URL, restore the destination page, or remove the link.",1.00
35,https://ergonix.lt,https://ergonix.lt/collections/all,Network,rule,high,Broken internal link,"Link ""-35% Peržiūrėti → OmniPRO Stalas 160×80 cm Ąžuolas stalviršis - Juodos kojos €599,00 €389,00"" → https://ergonix.lt/products/reguliuojamo-aukscio-stalas-omnipro?variant=53426124259661 is broken (HTTP 429); referenced from https://ergonix.lt/collections/all.","Fix the target URL, restore the destination page, or remove the link.",1.00
36,https://ergonix.lt,https://ergonix.lt/collections/all,Network,rule,high,Broken internal link,"Link ""-48% Peržiūrėti → OmniPRO Stalas 120×60 cm Riešutas stalviršis - Juodos kojos €599,00 €309,00"" → https://ergonix.lt/products/reguliuojamo-aukscio-stalas-omnipro?variant=53426124292429 is broken (HTTP 429); referenced from https://ergonix.lt/collections/all.","Fix the target URL, restore the destination page, or remove the link.",1.00
37,https://ergonix.lt,https://ergonix.lt/collections/all,Network,rule,high,Broken internal link,"Link ""-38% Peržiūrėti → OmniPRO Stalas 140×70 cm Riešutas stalviršis - Juodos kojos €599,00 €369,00"" → https://ergonix.lt/products/reguliuojamo-aukscio-stalas-omnipro?variant=53426124325197 is broken (HTTP 429); referenced from https://ergonix.lt/collections/all.","Fix the target URL, restore the destination page, or remove the link.",1.00
38,https://ergonix.lt,https://ergonix.lt/collections/all,Network,rule,high,Broken internal link,"Link ""-35% Peržiūrėti → OmniPRO Stalas 160×80 cm Riešutas stalviršis - Juodos kojos €599,00 €389,00"" → https://ergonix.lt/products/reguliuojamo-aukscio-stalas-omnipro?variant=53426124357965 is broken (HTTP 429); referenced from https://ergonix.lt/collections/all.","Fix the target URL, restore the destination page, or remove the link.",1.00
39,https://ergonix.lt,https://ergonix.lt/collections/all,Network,rule,high,Broken internal link,"Link ""-53% Peržiūrėti → OmniPRO Stalas 120×60 cm Balta stalviršis - Juodos kojos €599,00 €279,00"" → https://ergonix.lt/products/reguliuojamo-aukscio-stalas-omnipro?variant=53426124390733 is broken (HTTP 429); referenced from https://ergonix.lt/collections/all.","Fix the target URL, restore the destination page, or remove the link.",1.00
40,https://ergonix.lt,https://ergonix.lt/collections/all,Network,rule,high,Broken internal link,"Link ""-43% Peržiūrėti → OmniPRO Stalas 140×70 cm Balta stalviršis - Juodos kojos €599,00 €339,00"" → https://ergonix.lt/products/reguliuojamo-aukscio-stalas-omnipro?variant=53426124423501 is broken (HTTP 429); referenced from https://ergonix.lt/collections/all.","Fix the target URL, restore the destination page, or remove the link.",1.00
41,https://ergonix.lt,https://ergonix.lt/collections/all,Network,rule,high,Broken internal link,"Link ""-40% Peržiūrėti → OmniPRO Stalas 160×80 cm Balta stalviršis - Juodos kojos €599,00 €359,00"" → https://ergonix.lt/products/reguliuojamo-aukscio-stalas-omnipro?variant=53426124456269 is broken (HTTP 429); referenced from https://ergonix.lt/collections/all.","Fix the target URL, restore the destination page, or remove the link.",1.00
42,https://ergonix.lt,https://ergonix.lt/collections/all,Network,rule,high,Broken internal link,"Link ""-48% Peržiūrėti → OmniPRO Stalas 120×60 cm Ąžuolas stalviršis - Baltos kojos €599,00 €309,00"" → https://ergonix.lt/products/reguliuojamo-aukscio-stalas-omnipro?variant=53426124489037 is broken (HTTP 429); referenced from https://ergonix.lt/collections/all.","Fix the target URL, restore the destination page, or remove the link.",1.00
43,https://ergonix.lt,https://ergonix.lt/collections/all,Network,rule,high,Broken internal link,"Link ""-38% Peržiūrėti → OmniPRO Stalas 140×70 cm Ąžuolas stalviršis - Baltos kojos €599,00 €369,00"" → https://ergonix.lt/products/reguliuojamo-aukscio-stalas-omnipro?variant=53426124521805 is broken (HTTP 429); referenced from https://ergonix.lt/collections/all.","Fix the target URL, restore the destination page, or remove the link.",1.00
44,https://ergonix.lt,https://ergonix.lt/collections/all,Network,rule,high,Broken internal link,"Link ""-35% Peržiūrėti → OmniPRO Stalas 160×80 cm Ąžuolas stalviršis - Baltos kojos €599,00 €389,00"" → https://ergonix.lt/products/reguliuojamo-aukscio-stalas-omnipro?variant=53426124554573 is broken (HTTP 429); referenced from https://ergonix.lt/collections/all.","Fix the target URL, restore the destination page, or remove the link.",1.00
45,https://ergonix.lt,https://ergonix.lt/collections/all,Network,rule,high,Broken internal link,"Link ""-48% Peržiūrėti → OmniPRO Stalas 120×60 cm Riešutas stalviršis - Baltos kojos €599,00 €309,00"" → https://ergonix.lt/products/reguliuojamo-aukscio-stalas-omnipro?variant=53426124587341 is broken (HTTP 429); referenced from https://ergonix.lt/collections/all.","Fix the target URL, restore the destination page, or remove the link.",1.00
46,https://ergonix.lt,https://ergonix.lt/collections/all,Network,rule,high,Broken internal link,"Link ""-38% Peržiūrėti → OmniPRO Stalas 140×70 cm Riešutas stalviršis - Baltos kojos €599,00 €369,00"" → https://ergonix.lt/products/reguliuojamo-aukscio-stalas-omnipro?variant=53426124620109 is broken (HTTP 429); referenced from https://ergonix.lt/collections/all.","Fix the target URL, restore the destination page, or remove the link.",1.00
47,https://ergonix.lt,https://ergonix.lt/collections/all,Network,rule,high,Broken internal link,"Link ""-35% Peržiūrėti → OmniPRO Stalas 160×80 cm Riešutas stalviršis - Baltos kojos €599,00 €389,00"" → https://ergonix.lt/products/reguliuojamo-aukscio-stalas-omnipro?variant=53426124652877 is broken (HTTP 429); referenced from https://ergonix.lt/collections/all.","Fix the target URL, restore the destination page, or remove the link.",1.00
48,https://ergonix.lt,https://ergonix.lt/collections/all,Network,rule,high,Broken internal link,"Link ""-43% Peržiūrėti → OmniPRO Stalas 140×70 cm Balta stalviršis - Baltos kojos €599,00 €339,00"" → https://ergonix.lt/products/reguliuojamo-aukscio-stalas-omnipro?variant=53426124718413 is broken (HTTP 429); referenced from https://ergonix.lt/collections/all.","Fix the target URL, restore the destination page, or remove the link.",1.00
49,https://ergonix.lt,https://ergonix.lt/collections/all,Network,rule,high,Broken internal link,"Link ""-40% Peržiūrėti → OmniPRO Stalas 160×80 cm Balta stalviršis - Baltos kojos €599,00 €359,00"" → https://ergonix.lt/products/reguliuojamo-aukscio-stalas-omnipro?variant=53426124751181 is broken (HTTP 429); referenced from https://ergonix.lt/collections/all.","Fix the target URL, restore the destination page, or remove the link.",1.00
50,https://ergonix.lt,https://ergonix.lt/collections/all,Network,rule,high,Broken internal link,"Link ""Peržiūrėti → OmniPRO Stalo kojos Black €229,00"" → https://ergonix.lt/products/reguliuojamo-aukscio-stalo-remas?variant=53713599168845 is broken (HTTP 429); referenced from https://ergonix.lt/collections/all.","Fix the target URL, restore the destination page, or remove the link.",1.00
51,https://ergonix.lt,https://ergonix.lt/collections/all,Network,rule,high,Broken internal link,"Link ""Peržiūrėti → OmniPRO Stalo kojos White €229,00"" → https://ergonix.lt/products/reguliuojamo-aukscio-stalo-remas?variant=53713599201613 is broken (HTTP 429); referenced from https://ergonix.lt/collections/all.","Fix the target URL, restore the destination page, or remove the link.",1.00
52,https://ergonix.lt,https://ergonix.lt/collections/all,Network,rule,high,Broken internal link,"Link ""-60% Peržiūrėti → Stalčius po stalviršiu Juoda €99,00 €39,00"" → https://ergonix.lt/products/stalo-stalciukas?variant=53561575342413 is broken (HTTP 429); referenced from https://ergonix.lt/collections/all.","Fix the target URL, restore the destination page, or remove the link.",1.00
53,https://ergonix.lt,https://ergonix.lt/collections/all,Network,rule,high,Broken internal link,"Link ""-60% Peržiūrėti → Stalčius po stalviršiu Balta €99,00 €39,00"" → https://ergonix.lt/products/stalo-stalciukas?variant=53561575375181 is broken (HTTP 429); referenced from https://ergonix.lt/collections/all.","Fix the target URL, restore the destination page, or remove the link.",1.00
54,https://ergonix.lt,https://ergonix.lt/collections/all,Network,rule,high,Broken internal link,"Link ""Peržiūrėti → Stalviršis 120×60 Ąžuolas €189,00"" → https://ergonix.lt/products/stalvirsis?variant=53713138155853 is broken (HTTP 429); referenced from https://ergonix.lt/collections/all.","Fix the target URL, restore the destination page, or remove the link.",1.00
55,https://ergonix.lt,https://ergonix.lt/collections/all,Network,rule,high,Broken internal link,"Link ""Peržiūrėti → Stalviršis 140×70 Ąžuolas €399,00"" → https://ergonix.lt/products/stalvirsis?variant=53713138188621 is broken (HTTP 429); referenced from https://ergonix.lt/collections/all.","Fix the target URL, restore the destination page, or remove the link.",1.00
56,https://ergonix.lt,https://ergonix.lt/collections/all,Network,rule,high,Broken internal link,"Link ""Peržiūrėti → Stalviršis 160×80 Ąžuolas €309,00"" → https://ergonix.lt/products/stalvirsis?variant=53713138221389 is broken (HTTP 429); referenced from https://ergonix.lt/collections/all.","Fix the target URL, restore the destination page, or remove the link.",1.00
57,https://ergonix.lt,https://ergonix.lt/collections/all,Network,rule,high,Broken internal link,"Link ""Peržiūrėti → Stalviršis 120×60 Riešutas €189,00"" → https://ergonix.lt/products/stalvirsis?variant=53713138254157 is broken (HTTP 429); referenced from https://ergonix.lt/collections/all.","Fix the target URL, restore the destination page, or remove the link.",1.00
58,https://ergonix.lt,https://ergonix.lt/collections/all,Network,rule,high,Broken internal link,"Link ""Peržiūrėti → Stalviršis 140×70 Riešutas €399,00"" → https://ergonix.lt/products/stalvirsis?variant=53713138286925 is broken (HTTP 429); referenced from https://ergonix.lt/collections/all.","Fix the target URL, restore the destination page, or remove the link.",1.00
59,https://ergonix.lt,https://ergonix.lt/collections/all,Network,rule,high,Broken internal link,"Link ""Peržiūrėti → Stalviršis 160×80 Riešutas €329,00"" → https://ergonix.lt/products/stalvirsis?variant=53713138319693 is broken (HTTP 429); referenced from https://ergonix.lt/collections/all.","Fix the target URL, restore the destination page, or remove the link.",1.00
60,https://ergonix.lt,https://ergonix.lt/collections/all,Network,rule,high,Broken internal link,"Link ""Peržiūrėti → Stalviršis 120×60 Balta €189,00"" → https://ergonix.lt/products/stalvirsis?variant=53713138352461 is broken (HTTP 429); referenced from https://ergonix.lt/collections/all.","Fix the target URL, restore the destination page, or remove the link.",1.00
61,https://ergonix.lt,https://ergonix.lt/collections/all,Network,rule,high,Broken internal link,"Link ""Peržiūrėti → Stalviršis 140×70 Balta €249,00"" → https://ergonix.lt/products/stalvirsis?variant=53713138385229 is broken (HTTP 429); referenced from https://ergonix.lt/collections/all.","Fix the target URL, restore the destination page, or remove the link.",1.00
62,https://ergonix.lt,https://ergonix.lt/collections/all,Network,rule,high,Broken internal link,"Link ""Peržiūrėti → Stalviršis 160×80 Balta €309,00"" → https://ergonix.lt/products/stalvirsis?variant=53713138417997 is broken (HTTP 429); referenced from https://ergonix.lt/collections/all.","Fix the target URL, restore the destination page, or remove the link.",1.00
89,https://ergonix.pl,https://ergonix.pl/,Network,rule,high,Broken internal link,"Link ""Ergonomics explainedSoon"" → https://ergonix.pl/blogs/ergonomics is broken (HTTP 404); referenced from https://ergonix.pl/.","Fix the target URL, restore the destination page, or remove the link.",1.00
90,https://ergonix.pl,https://ergonix.pl/,Network,rule,high,Broken internal link,"Link ""Office setupSoon"" → https://ergonix.pl/blogs/office-setup is broken (HTTP 404); referenced from https://ergonix.pl/.","Fix the target URL, restore the destination page, or remove the link.",1.00
91,https://ergonix.pl,https://ergonix.pl/,Network,rule,high,Broken internal link,"Link ""Work smarter Coming soon •Tips to boost productivity & well-being."" → https://ergonix.pl/blogs/productivity is broken (HTTP 404); referenced from https://ergonix.pl/.","Fix the target URL, restore the destination page, or remove the link.",1.00
92,https://ergonix.pl,https://ergonix.pl/,Network,rule,high,Broken internal link,"Link ""Health tipsSoon"" → https://ergonix.pl/blogs/wellness is broken (HTTP 404); referenced from https://ergonix.pl/.","Fix the target URL, restore the destination page, or remove the link.",1.00
93,https://ergonix.pl,https://ergonix.pl/,Network,rule,high,Broken internal link,"Link ""Workspace tipsSoon"" → https://ergonix.pl/blogs/workspace-tips is broken (HTTP 404); referenced from https://ergonix.pl/.","Fix the target URL, restore the destination page, or remove the link.",1.00
94,https://ergonix.pl,https://ergonix.pl/,Network,rule,high,Broken internal link,"Link ""Pliki cookie"" → https://ergonix.pl/pages/cookies is broken (HTTP 429); referenced from https://ergonix.pl/, https://ergonix.pl/, https://ergonix.pl/products/fotel-ergonomiczny-omnisit-pro?variant=53646035091799.","Fix the target URL, restore the destination page, or remove the link.",1.00
95,https://ergonix.pl,https://ergonix.pl/,Network,rule,high,Broken internal link,"Link ""Program partnerski"" → https://ergonix.pl/pages/partnerystes-programa is broken (HTTP 429); referenced from https://ergonix.pl/, https://ergonix.pl/, https://ergonix.pl/products/fotel-ergonomiczny-omnisit-pro?variant=53646035091799.","Fix the target URL, restore the destination page, or remove the link.",1.00
96,https://ergonix.pl,https://ergonix.pl/,Network,rule,high,Broken internal link,"Link ""Dostawa"" → https://ergonix.pl/pages/pristatymas is broken (HTTP 429); referenced from https://ergonix.pl/, https://ergonix.pl/, https://ergonix.pl/products/fotel-ergonomiczny-omnisit-pro?variant=53646035091799.","Fix the target URL, restore the destination page, or remove the link.",1.00
97,https://ergonix.pl,https://ergonix.pl/,Network,rule,high,Broken internal link,"Link ""Polityka prywatności"" → https://ergonix.pl/pages/privacy is broken (HTTP 429); referenced from https://ergonix.pl/, https://ergonix.pl/, https://ergonix.pl/products/fotel-ergonomiczny-omnisit-pro?variant=53646035091799.","Fix the target URL, restore the destination page, or remove the link.",1.00
98,https://ergonix.pl,https://ergonix.pl/,Network,rule,high,Broken internal link,"Link ""Warunki zakupu"" → https://ergonix.pl/pages/purchase-terms is broken (HTTP 429); referenced from https://ergonix.pl/, https://ergonix.pl/, https://ergonix.pl/products/fotel-ergonomiczny-omnisit-pro?variant=53646035091799.","Fix the target URL, restore the destination page, or remove the link.",1.00
99,https://ergonix.pl,https://ergonix.pl/,Network,rule,high,Broken internal link,"Link ""Regulamin"" → https://ergonix.pl/pages/terms is broken (HTTP 429); referenced from https://ergonix.pl/, https://ergonix.pl/, https://ergonix.pl/products/fotel-ergonomiczny-omnisit-pro?variant=53646035091799.","Fix the target URL, restore the destination page, or remove the link.",1.00
100,https://ergonix.pl,https://ergonix.pl/,Network,rule,high,Broken internal link,"Link ""Gwarancja"" → https://ergonix.pl/pages/warranty-policy is broken (HTTP 429); referenced from https://ergonix.pl/, https://ergonix.pl/, https://ergonix.pl/products/fotel-ergonomiczny-omnisit-pro?variant=53646035091799.","Fix the target URL, restore the destination page, or remove the link.",1.00
101,https://ergonix.pl,https://ergonix.pl/collections/all,Network,rule,high,Broken internal link,"Link ""-61% Zobacz → Biurko OmniPro 120×60 cm Blat Biały - Białe nogi 2.575,00 zł 999,00 zł"" → https://ergonix.pl/products/biurko-z-regulacja-wysokosci-omnipro?variant=53646035321175 is broken (HTTP 429); referenced from https://ergonix.pl/collections/all.","Fix the target URL, restore the destination page, or remove the link.",1.00
102,https://ergonix.pl,https://ergonix.pl/collections/all,Network,rule,high,Broken internal link,"Link ""-51% Zobacz → Biurko OmniPro 140×70 cm Blat Biały - Białe nogi 2.575,00 zł 1.239,00 zł"" → https://ergonix.pl/products/biurko-z-regulacja-wysokosci-omnipro?variant=53646035353943 is broken (HTTP 429); referenced from https://ergonix.pl/collections/all.","Fix the target URL, restore the destination page, or remove the link.",1.00
103,https://ergonix.pl,https://ergonix.pl/collections/all,Network,rule,high,Broken internal link,"Link ""-49% Zobacz → Biurko OmniPro 160×80 cm Blat Biały - Białe nogi 2.575,00 zł 1.299,00 zł"" → https://ergonix.pl/products/biurko-z-regulacja-wysokosci-omnipro?variant=53646035386711 is broken (HTTP 429); referenced from https://ergonix.pl/collections/all.","Fix the target URL, restore the destination page, or remove the link.",1.00
104,https://ergonix.pl,https://ergonix.pl/collections/all,Network,rule,high,Broken internal link,"Link ""-56% Zobacz → Biurko OmniPro 120×60 cm Blat Orzech - Białe nogi 2.575,00 zł 1.129,00 zł"" → https://ergonix.pl/products/biurko-z-regulacja-wysokosci-omnipro?variant=53646035419479 is broken (HTTP 429); referenced from https://ergonix.pl/collections/all.","Fix the target URL, restore the destination page, or remove the link.",1.00
105,https://ergonix.pl,https://ergonix.pl/collections/all,Network,rule,high,Broken internal link,"Link ""-48% Zobacz → Biurko OmniPro 140×70 cm Blat Orzech - Białe nogi 2.575,00 zł 1.329,00 zł"" → https://ergonix.pl/products/biurko-z-regulacja-wysokosci-omnipro?variant=53646035452247 is broken (HTTP 429); referenced from https://ergonix.pl/collections/all.","Fix the target URL, restore the destination page, or remove the link.",1.00
106,https://ergonix.pl,https://ergonix.pl/collections/all,Network,rule,high,Broken internal link,"Link ""-45% Zobacz → Biurko OmniPro 160×80 cm Blat Orzech - Białe nogi 2.575,00 zł 1.399,00 zł"" → https://ergonix.pl/products/biurko-z-regulacja-wysokosci-omnipro?variant=53646035485015 is broken (HTTP 429); referenced from https://ergonix.pl/collections/all.","Fix the target URL, restore the destination page, or remove the link.",1.00
107,https://ergonix.pl,https://ergonix.pl/collections/all,Network,rule,high,Broken internal link,"Link ""-56% Zobacz → Biurko OmniPro 120×60 cm Blat Dąb - Białe nogi 2.575,00 zł 1.129,00 zł"" → https://ergonix.pl/products/biurko-z-regulacja-wysokosci-omnipro?variant=53646035517783 is broken (HTTP 429); referenced from https://ergonix.pl/collections/all.","Fix the target URL, restore the destination page, or remove the link.",1.00
108,https://ergonix.pl,https://ergonix.pl/collections/all,Network,rule,high,Broken internal link,"Link ""-48% Zobacz → Biurko OmniPro 140×70 cm Blat Dąb - Białe nogi 2.575,00 zł 1.329,00 zł"" → https://ergonix.pl/products/biurko-z-regulacja-wysokosci-omnipro?variant=53646035550551 is broken (HTTP 429); referenced from https://ergonix.pl/collections/all.","Fix the target URL, restore the destination page, or remove the link.",1.00
109,https://ergonix.pl,https://ergonix.pl/collections/all,Network,rule,high,Broken internal link,"Link ""-45% Zobacz → Biurko OmniPro 160×80 cm Blat Dąb - Białe nogi 2.575,00 zł 1.399,00 zł"" → https://ergonix.pl/products/biurko-z-regulacja-wysokosci-omnipro?variant=53646035583319 is broken (HTTP 429); referenced from https://ergonix.pl/collections/all.","Fix the target URL, restore the destination page, or remove the link.",1.00
110,https://ergonix.pl,https://ergonix.pl/collections/all,Network,rule,high,Broken internal link,"Link ""-61% Zobacz → Biurko OmniPro 120×60 cm Blat Biały - Czarne nogi 2.575,00 zł 999,00 zł"" → https://ergonix.pl/products/biurko-z-regulacja-wysokosci-omnipro?variant=53646035616087 is broken (HTTP 429); referenced from https://ergonix.pl/collections/all.","Fix the target URL, restore the destination page, or remove the link.",1.00
111,https://ergonix.pl,https://ergonix.pl/collections/all,Network,rule,high,Broken internal link,"Link ""-51% Zobacz → Biurko OmniPro 140×70 cm Blat Biały - Czarne nogi 2.575,00 zł 1.239,00 zł"" → https://ergonix.pl/products/biurko-z-regulacja-wysokosci-omnipro?variant=53646035648855 is broken (HTTP 429); referenced from https://ergonix.pl/collections/all.","Fix the target URL, restore the destination page, or remove the link.",1.00
112,https://ergonix.pl,https://ergonix.pl/collections/all,Network,rule,high,Broken internal link,"Link ""-49% Zobacz → Biurko OmniPro 160×80 cm Blat Biały - Czarne nogi 2.575,00 zł 1.299,00 zł"" → https://ergonix.pl/products/biurko-z-regulacja-wysokosci-omnipro?variant=53646035681623 is broken (HTTP 429); referenced from https://ergonix.pl/collections/all.","Fix the target URL, restore the destination page, or remove the link.",1.00
113,https://ergonix.pl,https://ergonix.pl/collections/all,Network,rule,high,Broken internal link,"Link ""-56% Zobacz → Biurko OmniPro 120×60 cm Blat Orzech - Czarne nogi 2.575,00 zł 1.129,00 zł"" → https://ergonix.pl/products/biurko-z-regulacja-wysokosci-omnipro?variant=53646035714391 is broken (HTTP 429); referenced from https://ergonix.pl/collections/all.","Fix the target URL, restore the destination page, or remove the link.",1.00
114,https://ergonix.pl,https://ergonix.pl/collections/all,Network,rule,high,Broken internal link,"Link ""-48% Zobacz → Biurko OmniPro 140×70 cm Blat Orzech - Czarne nogi 2.575,00 zł 1.329,00 zł"" → https://ergonix.pl/products/biurko-z-regulacja-wysokosci-omnipro?variant=53646035747159 is broken (HTTP 429); referenced from https://ergonix.pl/collections/all.","Fix the target URL, restore the destination page, or remove the link.",1.00
115,https://ergonix.pl,https://ergonix.pl/collections/all,Network,rule,high,Broken internal link,"Link ""-56% Zobacz → Biurko OmniPro 120×60 cm Blat Dąb - Czarne nogi 2.575,00 zł 1.129,00 zł"" → https://ergonix.pl/products/biurko-z-regulacja-wysokosci-omnipro?variant=53646035812695 is broken (HTTP 429); referenced from https://ergonix.pl/collections/all.","Fix the target URL, restore the destination page, or remove the link.",1.00
116,https://ergonix.pl,https://ergonix.pl/collections/all,Network,rule,high,Broken internal link,"Link ""-48% Zobacz → Biurko OmniPro 140×70 cm Blat Dąb - Czarne nogi 2.575,00 zł 1.329,00 zł"" → https://ergonix.pl/products/biurko-z-regulacja-wysokosci-omnipro?variant=53646035845463 is broken (HTTP 429); referenced from https://ergonix.pl/collections/all.","Fix the target URL, restore the destination page, or remove the link.",1.00
117,https://ergonix.pl,https://ergonix.pl/collections/all,Network,rule,high,Broken internal link,"Link ""-45% Zobacz → Biurko OmniPro 160×80 cm Blat Dąb - Czarne nogi 2.575,00 zł 1.399,00 zł"" → https://ergonix.pl/products/biurko-z-regulacja-wysokosci-omnipro?variant=53646035878231 is broken (HTTP 429); referenced from https://ergonix.pl/collections/all.","Fix the target URL, restore the destination page, or remove the link.",1.00
118,https://ergonix.pl,https://ergonix.pl/collections/all,Network,rule,high,Broken internal link,"Link ""Zobacz → Blat 140×70 Dąb 1.715,70 zł"" → https://ergonix.pl/products/blat-biurka?variant=53646036435287 is broken (HTTP 429); referenced from https://ergonix.pl/collections/all.","Fix the target URL, restore the destination page, or remove the link.",1.00
119,https://ergonix.pl,https://ergonix.pl/collections/all,Network,rule,high,Broken internal link,"Link ""Zobacz → Blat 160×80 Dąb 1.328,70 zł"" → https://ergonix.pl/products/blat-biurka?variant=53646036468055 is broken (HTTP 429); referenced from https://ergonix.pl/collections/all.","Fix the target URL, restore the destination page, or remove the link.",1.00
120,https://ergonix.pl,https://ergonix.pl/collections/all,Network,rule,high,Broken internal link,"Link ""Zobacz → Blat 120×60 Orzech 812,70 zł"" → https://ergonix.pl/products/blat-biurka?variant=53646036500823 is broken (HTTP 429); referenced from https://ergonix.pl/collections/all.","Fix the target URL, restore the destination page, or remove the link.",1.00
121,https://ergonix.pl,https://ergonix.pl/collections/all,Network,rule,high,Broken internal link,"Link ""Zobacz → Blat 140×70 Orzech 1.715,70 zł"" → https://ergonix.pl/products/blat-biurka?variant=53646036533591 is broken (HTTP 429); referenced from https://ergonix.pl/collections/all.","Fix the target URL, restore the destination page, or remove the link.",1.00
122,https://ergonix.pl,https://ergonix.pl/collections/all,Network,rule,high,Broken internal link,"Link ""Zobacz → Blat 160×80 Orzech 1.414,70 zł"" → https://ergonix.pl/products/blat-biurka?variant=53646036566359 is broken (HTTP 429); referenced from https://ergonix.pl/collections/all.","Fix the target URL, restore the destination page, or remove the link.",1.00
123,https://ergonix.pl,https://ergonix.pl/collections/all,Network,rule,high,Broken internal link,"Link ""Zobacz → Blat 120×60 Biały 812,70 zł"" → https://ergonix.pl/products/blat-biurka?variant=53646036599127 is broken (HTTP 429); referenced from https://ergonix.pl/collections/all.","Fix the target URL, restore the destination page, or remove the link.",1.00
124,https://ergonix.pl,https://ergonix.pl/collections/all,Network,rule,high,Broken internal link,"Link ""Zobacz → Blat 140×70 Biały 1.070,70 zł"" → https://ergonix.pl/products/blat-biurka?variant=53646036631895 is broken (HTTP 429); referenced from https://ergonix.pl/collections/all.","Fix the target URL, restore the destination page, or remove the link.",1.00
125,https://ergonix.pl,https://ergonix.pl/collections/all,Network,rule,high,Broken internal link,"Link ""Zobacz → Blat 160×80 Biały 1.328,70 zł"" → https://ergonix.pl/products/blat-biurka?variant=53646036664663 is broken (HTTP 429); referenced from https://ergonix.pl/collections/all.","Fix the target URL, restore the destination page, or remove the link.",1.00
126,https://ergonix.pl,https://ergonix.pl/collections/all,Network,rule,high,Broken internal link,"Link ""-56% Zobacz → Kółka gumowe premium Zestaw 5 szt. 227,00 zł 99,00 zł"" → https://ergonix.pl/products/premium-kolka-ergonix is broken (HTTP 429); referenced from https://ergonix.pl/collections/all.","Fix the target URL, restore the destination page, or remove the link.",1.00
127,https://ergonix.pl,https://ergonix.pl/collections/all,Network,rule,high,Broken internal link,"Link ""Zobacz → Nogi biurka OmniPro Czarny 839,00 zł"" → https://ergonix.pl/products/rama-stolu-z-regulacja-wysokosci?variant=53646036238679 is broken (HTTP 429); referenced from https://ergonix.pl/collections/all.","Fix the target URL, restore the destination page, or remove the link.",1.00
128,https://ergonix.pl,https://ergonix.pl/collections/all,Network,rule,high,Broken internal link,"Link ""-67% Zobacz → Szuflada pod blat Czarna 425,00 zł 139,00 zł"" → https://ergonix.pl/products/szuflada-biurka?variant=53646036042071 is broken (HTTP 429); referenced from https://ergonix.pl/collections/all.","Fix the target URL, restore the destination page, or remove the link.",1.00
129,https://ergonix.pl,https://ergonix.pl/collections/all,Network,rule,high,Broken internal link,"Link ""-67% Zobacz → Szuflada pod blat Biała 425,00 zł 139,00 zł"" → https://ergonix.pl/products/szuflada-biurka?variant=53646036074839 is broken (HTTP 429); referenced from https://ergonix.pl/collections/all.","Fix the target URL, restore the destination page, or remove the link.",1.00
1,https://ergonix.lt,https://ergonix.lt/,UI,rule,medium,Empty buttons,"3 button(s) have no text, value or aria-label; users and screen readers see a blank control.",Give every button visible text or an aria-label.,1.00
2,https://ergonix.lt,https://ergonix.lt/,Logic,rule,medium,Form without submit control,"Form (action="""", 4 input(s)) has no submit button; users may be unable to send it.","Add a <button type=""submit""> or input[type=submit] to the form.",1.00
4,https://ergonix.lt,https://ergonix.lt/products/ergonomine-kede-omnisit-pro?variant=52380192735565,UI,rule,medium,Empty buttons,"2 button(s) have no text, value or aria-label; users and screen readers see a blank control.",Give every button visible text or an aria-label.,1.00
5,https://ergonix.lt,https://ergonix.lt/products/ergonomine-kede-omnisit-pro?variant=52380192735565,Logic,rule,medium,Form without submit control,"Form (action="""", 4 input(s)) has no submit button; users may be unable to send it.","Add a <button type=""submit""> or input[type=submit] to the form.",1.00
6,https://ergonix.lt,https://ergonix.lt/products/ergonomine-kede-omnisit-pro?variant=52380192735565,Logic,rule,medium,Form without submit control,"Form (action=""https://ergonix.lt/cart/add"", 2 input(s)) has no submit button; users may be unable to send it.","Add a <button type=""submit""> or input[type=submit] to the form.",1.00
9,https://ergonix.lt,https://ergonix.lt/products/omniarm-pro,Logic,rule,medium,Form without submit control,"Form (action="""", 4 input(s)) has no submit button; users may be unable to send it.","Add a <button type=""submit""> or input[type=submit] to the form.",1.00
10,https://ergonix.lt,https://ergonix.lt/products/omniarm-pro,Logic,rule,medium,Form without submit control,"Form (action=""https://ergonix.lt/cart/add"", 2 input(s)) has no submit button; users may be unable to send it.","Add a <button type=""submit""> or input[type=submit] to the form.",1.00
12,https://ergonix.lt,https://ergonix.lt/products/reguliuojamo-aukscio-stalas-omnipro?variant=53426124685645,UI,rule,medium,Empty buttons,"7 button(s) have no text, value or aria-label; users and screen readers see a blank control.",Give every button visible text or an aria-label.,1.00
13,https://ergonix.lt,https://ergonix.lt/products/reguliuojamo-aukscio-stalas-omnipro?variant=53426124685645,Logic,rule,medium,Form without submit control,"Form (action="""", 4 input(s)) has no submit button; users may be unable to send it.","Add a <button type=""submit""> or input[type=submit] to the form.",1.00
14,https://ergonix.lt,https://ergonix.lt/products/reguliuojamo-aukscio-stalas-omnipro?variant=53426124685645,Logic,rule,medium,Form without submit control,"Form (action=""https://ergonix.lt/cart/add"", 2 input(s)) has no submit button; users may be unable to send it.","Add a <button type=""submit""> or input[type=submit] to the form.",1.00
15,https://ergonix.lt,https://ergonix.lt/pages/b2b,Logic,rule,medium,Form without submit control,"Form (action="""", 4 input(s)) has no submit button; users may be unable to send it.","Add a <button type=""submit""> or input[type=submit] to the form.",1.00
16,https://ergonix.lt,https://ergonix.lt/collections/all,Logic,rule,medium,Form without submit control,"Form (action="""", 4 input(s)) has no submit button; users may be unable to send it.","Add a <button type=""submit""> or input[type=submit] to the form.",1.00
17,https://ergonix.lt,https://ergonix.lt/pages/contact-us,Logic,rule,medium,Form without submit control,"Form (action="""", 4 input(s)) has no submit button; users may be unable to send it.","Add a <button type=""submit""> or input[type=submit] to the form.",1.00
18,https://ergonix.lt,https://ergonix.lt/pages/pristatymas,Logic,rule,medium,Form without submit control,"Form (action="""", 4 input(s)) has no submit button; users may be unable to send it.","Add a <button type=""submit""> or input[type=submit] to the form.",1.00
63,https://ergonix.lt,https://ergonix.lt/,Network,rule,medium,Broken external link,"Link ""Puikiai 4.7"" → https://www.trustpilot.com/review/ergonix.de is broken (HTTP 403); referenced from https://ergonix.lt/.","Fix the target URL, restore the destination page, or remove the link.",1.00
64,https://ergonix.lt,https://ergonix.lt/,Network,rule,medium,Broken external link,"Link """" → https://www.trustpilot.com/users/6989dbd8b51c704d4d9c0c28 is broken (HTTP 403); referenced from https://ergonix.lt/.","Fix the target URL, restore the destination page, or remove the link.",1.00
65,https://ergonix.lt,https://ergonix.lt/,Network,rule,medium,Broken external link,"Link """" → https://www.trustpilot.com/users/698d91cfb51c709ceba0ef37 is broken (HTTP 403); referenced from https://ergonix.lt/.","Fix the target URL, restore the destination page, or remove the link.",1.00
66,https://ergonix.lt,https://ergonix.lt/,Network,rule,medium,Broken external link,"Link """" → https://www.trustpilot.com/users/69a09dec3cdc494b95d18092 is broken (HTTP 403); referenced from https://ergonix.lt/.","Fix the target URL, restore the destination page, or remove the link.",1.00
67,https://ergonix.lt,https://ergonix.lt/,Network,rule,medium,Broken external link,"Link """" → https://www.trustpilot.com/users/69a18752d6c35237cd6657e3 is broken (HTTP 403); referenced from https://ergonix.lt/.","Fix the target URL, restore the destination page, or remove the link.",1.00
68,https://ergonix.lt,https://ergonix.lt/,Network,rule,medium,Broken external link,"Link """" → https://www.trustpilot.com/users/69a1d7d6dcbdac79f0cbffb1 is broken (HTTP 403); referenced from https://ergonix.lt/.","Fix the target URL, restore the destination page, or remove the link.",1.00
69,https://ergonix.lt,https://ergonix.lt/,Network,rule,medium,Broken external link,"Link """" → https://www.trustpilot.com/users/69a57b3e3cdc49f55ed60971 is broken (HTTP 403); referenced from https://ergonix.lt/.","Fix the target URL, restore the destination page, or remove the link.",1.00
70,https://ergonix.lt,https://ergonix.lt/,SEO,rule,medium,Duplicate meta description,"5 pages share the meta description ""Ergonominė biuro kėdė OmniSit Pro tik nuo €279. Reguliuojamas juosmens pala…"": https://ergonix.lt/, https://ergonix.lt/pages/b2b, https://ergonix.lt/collections/all, https://ergonix.lt/pages/contact-us, https://ergonix.lt/pages/pristatymas. Identical descriptions across pages waste snippet space and hint at template gaps.",Write a unique meta description per page.,1.00
71,https://ergonix.pl,https://ergonix.pl/,UI,rule,medium,Empty buttons,"3 button(s) have no text, value or aria-label; users and screen readers see a blank control.",Give every button visible text or an aria-label.,1.00
72,https://ergonix.pl,https://ergonix.pl/,Logic,rule,medium,Form without submit control,"Form (action="""", 4 input(s)) has no submit button; users may be unable to send it.","Add a <button type=""submit""> or input[type=submit] to the form.",1.00
74,https://ergonix.pl,https://ergonix.pl/products/fotel-ergonomiczny-omnisit-pro?variant=53646035091799,UI,rule,medium,Empty buttons,"2 button(s) have no text, value or aria-label; users and screen readers see a blank control.",Give every button visible text or an aria-label.,1.00
75,https://ergonix.pl,https://ergonix.pl/products/fotel-ergonomiczny-omnisit-pro?variant=53646035091799,Logic,rule,medium,Form without submit control,"Form (action="""", 4 input(s)) has no submit button; users may be unable to send it.","Add a <button type=""submit""> or input[type=submit] to the form.",1.00
76,https://ergonix.pl,https://ergonix.pl/products/fotel-ergonomiczny-omnisit-pro?variant=53646035091799,Logic,rule,medium,Form without submit control,"Form (action=""https://ergonix.pl/cart/add"", 2 input(s)) has no submit button; users may be unable to send it.","Add a <button type=""submit""> or input[type=submit] to the form.",1.00
79,https://ergonix.pl,https://ergonix.pl/products/omniarm-pro,Logic,rule,medium,Form without submit control,"Form (action="""", 4 input(s)) has no submit button; users may be unable to send it.","Add a <button type=""submit""> or input[type=submit] to the form.",1.00
80,https://ergonix.pl,https://ergonix.pl/products/omniarm-pro,Logic,rule,medium,Form without submit control,"Form (action=""https://ergonix.pl/cart/add"", 2 input(s)) has no submit button; users may be unable to send it.","Add a <button type=""submit""> or input[type=submit] to the form.",1.00
82,https://ergonix.pl,https://ergonix.pl/products/biurko-z-regulacja-wysokosci-omnipro,UI,rule,medium,Empty buttons,"7 button(s) have no text, value or aria-label; users and screen readers see a blank control.",Give every button visible text or an aria-label.,1.00
83,https://ergonix.pl,https://ergonix.pl/products/biurko-z-regulacja-wysokosci-omnipro,Logic,rule,medium,Form without submit control,"Form (action="""", 4 input(s)) has no submit button; users may be unable to send it.","Add a <button type=""submit""> or input[type=submit] to the form.",1.00
84,https://ergonix.pl,https://ergonix.pl/products/biurko-z-regulacja-wysokosci-omnipro,Logic,rule,medium,Form without submit control,"Form (action=""https://ergonix.pl/cart/add"", 2 input(s)) has no submit button; users may be unable to send it.","Add a <button type=""submit""> or input[type=submit] to the form.",1.00
85,https://ergonix.pl,https://ergonix.pl/pages/b2b,Logic,rule,medium,Form without submit control,"Form (action="""", 4 input(s)) has no submit button; users may be unable to send it.","Add a <button type=""submit""> or input[type=submit] to the form.",1.00
86,https://ergonix.pl,https://ergonix.pl/pages/contact-us,Logic,rule,medium,Form without submit control,"Form (action="""", 4 input(s)) has no submit button; users may be unable to send it.","Add a <button type=""submit""> or input[type=submit] to the form.",1.00
87,https://ergonix.pl,https://ergonix.pl/collections/all,Logic,rule,medium,Form without submit control,"Form (action="""", 4 input(s)) has no submit button; users may be unable to send it.","Add a <button type=""submit""> or input[type=submit] to the form.",1.00
88,https://ergonix.pl,https://ergonix.pl/pages/returns-refunds-page,Logic,rule,medium,Form without submit control,"Form (action="""", 4 input(s)) has no submit button; users may be unable to send it.","Add a <button type=""submit""> or input[type=submit] to the form.",1.00
130,https://ergonix.pl,https://ergonix.pl/,Network,rule,medium,Broken external link,"Link ""4.7"" → https://www.trustpilot.com/review/ergonix.de is broken (HTTP 403); referenced from https://ergonix.pl/, https://ergonix.pl/, https://ergonix.pl/products/fotel-ergonomiczny-omnisit-pro?variant=53646035091799.","Fix the target URL, restore the destination page, or remove the link.",1.00
131,https://ergonix.pl,https://ergonix.pl/,Network,rule,medium,Broken external link,"Link """" → https://www.trustpilot.com/users/6989dbd8b51c704d4d9c0c28 is broken (HTTP 403); referenced from https://ergonix.pl/.","Fix the target URL, restore the destination page, or remove the link.",1.00
132,https://ergonix.pl,https://ergonix.pl/,Network,rule,medium,Broken external link,"Link """" → https://www.trustpilot.com/users/698d91cfb51c709ceba0ef37 is broken (HTTP 403); referenced from https://ergonix.pl/.","Fix the target URL, restore the destination page, or remove the link.",1.00
133,https://ergonix.pl,https://ergonix.pl/,Network,rule,medium,Broken external link,"Link """" → https://www.trustpilot.com/users/69a09dec3cdc494b95d18092 is broken (HTTP 403); referenced from https://ergonix.pl/.","Fix the target URL, restore the destination page, or remove the link.",1.00
134,https://ergonix.pl,https://ergonix.pl/,Network,rule,medium,Broken external link,"Link """" → https://www.trustpilot.com/users/69a18752d6c35237cd6657e3 is broken (HTTP 403); referenced from https://ergonix.pl/.","Fix the target URL, restore the destination page, or remove the link.",1.00
135,https://ergonix.pl,https://ergonix.pl/,Network,rule,medium,Broken external link,"Link """" → https://www.trustpilot.com/users/69a1d7d6dcbdac79f0cbffb1 is broken (HTTP 403); referenced from https://ergonix.pl/.","Fix the target URL, restore the destination page, or remove the link.",1.00
136,https://ergonix.pl,https://ergonix.pl/,Network,rule,medium,Broken external link,"Link """" → https://www.trustpilot.com/users/69a57b3e3cdc49f55ed60971 is broken (HTTP 403); referenced from https://ergonix.pl/.","Fix the target URL, restore the destination page, or remove the link.",1.00
137,https://ergonix.pl,https://ergonix.pl/,SEO,rule,medium,Duplicate meta description,"6 pages share the meta description ""Ergonomiczny fotel biurowy OmniSit Pro już od 1242 zł. Regulowane podparcie l\xc4…"": https://ergonix.pl/, https://ergonix.pl/products/biurko-z-regulacja-wysokosci-omnipro, https://ergonix.pl/pages/b2b, https://ergonix.pl/pages/contact-us, https://ergonix.pl/collections/all, https://ergonix.pl/pages/returns-refunds-page. Identical descriptions across pages waste snippet space and hint at template gaps.",Write a unique meta description per page.,1.00
3,https://ergonix.lt,https://ergonix.lt/products/ergonomine-kede-omnisit-pro?variant=52380192735565,SEO,rule,low,Multiple H1 headings,The page has 2 <h1> elements; one clear main heading is recommended.,Keep a single <h1> and demote the others to <h2>/<h3>.,1.00
7,https://ergonix.lt,https://ergonix.lt/products/omniarm-pro,SEO,rule,low,Meta description too long,Meta description is 335 characters; snippets truncate near 160.,Trim the description to roughly 160 characters.,1.00
8,https://ergonix.lt,https://ergonix.lt/products/omniarm-pro,SEO,rule,low,Multiple H1 headings,The page has 2 <h1> elements; one clear main heading is recommended.,Keep a single <h1> and demote the others to <h2>/<h3>.,1.00
11,https://ergonix.lt,https://ergonix.lt/products/reguliuojamo-aukscio-stalas-omnipro?variant=53426124685645,SEO,rule,low,Multiple H1 headings,The page has 2 <h1> elements; one clear main heading is recommended.,Keep a single <h1> and demote the others to <h2>/<h3>.,1.00
73,https://ergonix.pl,https://ergonix.pl/products/fotel-ergonomiczny-omnisit-pro?variant=53646035091799,SEO,rule,low,Multiple H1 headings,The page has 2 <h1> elements; one clear main heading is recommended.,Keep a single <h1> and demote the others to <h2>/<h3>.,1.00
77,https://ergonix.pl,https://ergonix.pl/products/omniarm-pro,SEO,rule,low,Meta description too long,Meta description is 338 characters; snippets truncate near 160.,Trim the description to roughly 160 characters.,1.00
78,https://ergonix.pl,https://ergonix.pl/products/omniarm-pro,SEO,rule,low,Multiple H1 headings,The page has 2 <h1> elements; one clear main heading is recommended.,Keep a single <h1> and demote the others to <h2>/<h3>.,1.00
81,https://ergonix.pl,https://ergonix.pl/products/biurko-z-regulacja-wysokosci-omnipro,SEO,rule,low,Multiple H1 headings,The page has 2 <h1> elements; one clear main heading is recommended.,Keep a single <h1> and demote the others to <h2>/<h3>.,1.00
